,PURCHASES,Name,Purchase_date
0,"[10450329, 17179660]",Hannah Simmons,2024-08-07
1,"[17179660, 10450330]",Jason Lowe,2024-08-06
2,"[17179661, 16213461]",Dalton Berry,2024-08-07
3,"[52145691, 381051003]",Nicole Johnson,2024-08-07
4,"[328869537, 46491756]",Alexander Barnes,2024-08-06
5,"[865834016, 40170273, 454824272]",Michael Johnson,2024-08-07
6,"[46491653, 985501095, 559839182, 10448316, 15556485, 134201720, 593927194]",Mary Hines,2024-08-07
7,"[15136790, 10450104, 43711099]",Christopher Collins,2024-08-07
8,"[39944484, 10447837]",Jimmy Curtis,2024-08-06
9,"[479601462, 44390971, 10532755]",Linda Garza,2024-08-07
10,"[15136793, 51259215, 378941019]",Adam Koch,2024-08-07
11,"[150293351, 824841960, 55446514]",Tyler Berg,2024-08-07
12,"[824841960, 51259215]",Joseph Cannon,2024-08-06
13,"[55446514, 10447837]",Angela Turner,2024-08-06
14,"[959024059, 44390971, 10532755]",Annette Hernandez,2024-08-07
15,"[50733185, 10448316]",Daniel Monroe,2024-08-06
16,"[39944479, 44390971]",Chelsea Wilkins,2024-08-06
17,"[15136791, 10450104, 43711099]",Alexis White,2024-08-06
18,"[39944458, 593927194]",John Santos,2024-08-07
19,"[15136796, 10450104, 43711099, 378941019]",Daisy Lynch,2024-08-06
20,"[21553581, 44390971]",Emily Lucas,2024-08-07
21,"[23810466, 46491799]",Nicholas Smith,2024-08-07
22,"[21553575, 10447837]",Jeff Hudson,2024-08-07
23,"[46491663, 51259215, 20923720]",Eric Leon,2024-08-07
24,"[55446508, 10447837]",Joyce Ferguson,2024-08-07
25,"[710389244, 44662573]",Deborah Ferguson,2024-08-06
26,"[512398950, 51259215]",Christopher Kelly,2024-08-07
27,"[39944474, 10447837]",Dr. Vernon Lowe,2024-08-06
28,"[912016220, 10448316]",Rachel Hall,2024-08-07
29,"[55446520, 44390971]",Crystal Cox,2024-08-07
30,"[21553448, 10447837]",Marcus Harris,2024-08-07
31,"[15136792, 10450104]",Kathryn Martin,2024-08-06
32,"[120937779, 10448316]",Jodi Washington,2024-08-06
33,"[199544994, 824841960]",Mr. Brian Webb,2024-08-06
34,"[50733173, 51259215]",Jon Rodriguez,2024-08-07
35,"[15136795, 10450104, 43711099]",Casey Francis,2024-08-06
36,"[22218203, 10450104]",Travis Salazar,2024-08-07
37,"[21559280, 44662573]",John Coleman,2024-08-06
38,"[21553586, 824841960]",Kevin Pacheco,2024-08-07
39,[10534061],Mrs. Lisa Coleman,2024-08-07
40,"[21553583, 10448316]",Sara Hunter,2024-08-06
41,"[936536712, 10450104]",Amy Jones,2024-08-07
42,"[44391260, 51259215]",Tina Rios,2024-08-07
43,"[424346823, 44390971]",Jason Palmer,2024-08-06
44,"[51259034, 44662573]",Derek Brown DDS,2024-08-07
45,"[663293906, 10450104]",Christie Ford,2024-08-06
46,"[366307122, 44390971]",Joan Lawrence,2024-08-07
47,"[653532862, 44662573]",Meghan Smith,2024-08-07
48,"[330655393, 44390971]",Charles Watson,2024-08-07
49,"[49769689, 10450104]",Lauren Lucas,2024-08-06
50,"[225279204, 824841960]",Evelyn Wood,2024-08-07
51,"[241171257, 10450104]",Alicia Elliott,2024-08-07
52,"[793989706, 10450104]",Susan May,2024-08-07
53,"[10315759, 44391250]",Brandon Burnett,2024-08-07
54,"[922968602, 10448316]",Brett Lewis,2024-08-07
55,"[695704617, 44662573]",Ashley Hurst,2024-08-06
56,"[306475448, 44662573]",Matthew Villarreal,2024-08-06
57,"[147307377, 10450104]",Ethan Benson,2024-08-06
58,"[529260602, 44390971]",Robert Moore,2024-08-06
59,"[913066002, 10450104]",Susan Valenzuela,2024-08-07
60,"[44391338, 44662573]",William Carlson,2024-08-06
61,"[230407449, 10448316]",Diana Hopkins,2024-08-07
62,"[55446509, 824841960]",Haley Moore,2024-08-06
63,"[409114643, 10447837]",Katherine Mays,2024-08-06
64,"[273418224, 44662573]",Charlene Lewis,2024-08-06
65,"[51259087, 44391250]",Tyler Jordan,2024-08-07
66,"[10533064, 44391250]",Jesse Anthony,2024-08-07
67,"[343795490, 44662573]",Melissa King,2024-08-07
68,[164422508],Dennis Mcdaniel,2024-08-07
69,"[133893542, 10450104]",James Barr,2024-08-06
70,"[275430823, 44662573]",Nicholas Evans,2024-08-06
71,"[229895934, 44662573]",Christopher Smith,2024-08-07
72,"[16935588, 44390971]",Maria Taylor,2024-08-06
73,[44391154],Cassandra Berger,2024-08-07
74,"[10315841, 44391250]",Daniel Marshall,2024-08-06
75,"[10315839, 44391250]",Louis Osborn,2024-08-06
76,"[481442751, 51259215]",Tracy Burke,2024-08-06
77,"[152903817, 10450104]",Ronald Turner,2024-08-07
78,"[575032421, 44390971]",Joan Morse,2024-08-06
79,"[136098118, 44662573]",April Richardson,2024-08-07
80,"[270540708, 10450104]",Danny Howard,2024-08-07
81,"[997482920, 44390971]",Amy Smith,2024-08-06
82,"[109642916, 44391250]",Nicole Lee,2024-08-07
83,"[39944463, 10448316]",Andrew Ross,2024-08-07
84,"[55434785, 10447837]",Gary Dennis,2024-08-06
85,"[50733186, 44390971]",Edward Sullivan,2024-08-07
86,"[44001602, 10450104]",Monica Kemp,2024-08-06
87,"[177169409, 44390971]",Thomas Salinas,2024-08-06
88,"[15136794, 10450104, 43711099]",Stacey Santos,2024-08-07
89,"[602862459, 44390971, 10532755]",Linda Brown,2024-08-06
90,"[969745803, 10450104]",James Lewis,2024-08-06
91,"[116378886, 44390971, 10448316]",Ryan Fields,2024-08-06
92,"[318012501, 10447837]",Brandy Haynes,2024-08-06
93,"[28167663, 44391250]",John Taylor,2024-08-07
94,"[39944476, 10447837]",Beth Johnson,2024-08-07
95,"[47183723, 10450104]",Stacey Fox,2024-08-06
96,"[43999644, 10450104, 43711099]",Debra Patton,2024-08-07
97,"[893988448, 44662573]",Michael Sexton,2024-08-06
98,"[519269784, 51259215]",Martha Spencer,2024-08-06
99,[652599827],Paige Atkinson,2024-08-07
100,"[109500916, 44662573]",Andrea Livingston,2024-08-07
101,"[586334160, 44662573]",Kevin Myers,2024-08-07
102,"[228664148, 44390971]",Angela Anderson,2024-08-06
103,"[115651060, 44662573]",Laura Shields,2024-08-07
104,[22282322],Brett Bolton,2024-08-07
105,"[275225335, 44390971]",Frank Robinson,2024-08-06
106,"[179426904, 44390971]",Austin Rice,2024-08-06
107,"[570857262, 51259215]",Cathy Young,2024-08-06
108,"[532290646, 10448316]",Nicole Collins,2024-08-07
109,"[166341163, 44391250]",Christina Jenkins,2024-08-07
110,[188146413],Sandra Curtis,2024-08-07
111,"[475701104, 10448316]",Lynn Miller,2024-08-06
112,[159678804],Kevin Lopez,2024-08-06
113,"[966524050, 44390971]",Megan Brown,2024-08-06
114,"[932694467, 44391250]",Jason Mack,2024-08-07
115,"[932849396, 44390971]",Theodore Williams,2024-08-07
116,"[44001563, 44390971]",Wayne Rios,2024-08-06
117,"[51259095, 10450104]",Michael Walker,2024-08-06
118,"[191693240, 10450104]",Leah Pearson,2024-08-07
119,"[50733172, 44390971]",Gary Bowers,2024-08-06
120,"[970708079, 10447837]",Thomas Perez,2024-08-07
121,[782669737],Justin Morgan,2024-08-06
122,"[529026908, 10450104, 43711099]",Marissa Clarke,2024-08-07
123,[688721725],Ralph Wagner,2024-08-06
124,"[149141521, 10448316]",Penny Reid,2024-08-07
125,"[136582127, 10450104]",Ashley Bailey,2024-08-07
126,"[50733168, 44390971]",James Hall,2024-08-06
127,"[975140198, 10450104]",Julia Hamilton,2024-08-07
128,"[167471453, 51259215]",Jeffery Foster,2024-08-07
129,"[953093221, 10447837]",Sarah Watson,2024-08-06
130,"[51259041, 44390971]",Brian Freeman,2024-08-06
131,[675133265],Tanner Sexton,2024-08-07
132,[51259047],Patricia Burns,2024-08-06
133,"[884074262, 10447837]",Michael Morgan,2024-08-07
134,"[617765768, 10448316]",Dorothy Curry PhD,2024-08-07
135,"[613823324, 10448316]",Kevin Dixon,2024-08-07
136,"[10414680, 10315353]",Laura Holt,2024-08-07
137,"[338508084, 10448316]",Ian Nelson,2024-08-06
138,"[19400230, 593927194]",Megan Salinas,2024-08-07
139,"[124782654, 10448316]",Stephanie Weber,2024-08-06
140,"[50067993, 10315353]",Sandra Santiago,2024-08-06
141,"[19400244, 10448316]",Scott Fitzpatrick,2024-08-07
142,"[778091348, 10448316]",Kayla Wells,2024-08-07
143,"[36179444, 10315353]",Jeff Knapp,2024-08-07
144,"[100546946, 10315353]",Denise Pierce,2024-08-07
145,"[26543406, 10448316]",Jennifer Gomez,2024-08-07
146,"[19400101, 10448316]",Julie Stephens,2024-08-07
147,"[49976773, 10448316]",Keith Smith,2024-08-07
148,"[49976769, 10448316]",Nicole Norris,2024-08-06
149,"[10414667, 10315353]",Joshua Frazier,2024-08-07
150,"[51259112, 10450104]",Joe Hernandez,2024-08-07
151,"[49976770, 593927194]",Jason Wagner,2024-08-06
152,"[49976768, 10448316]",Bethany Smith,2024-08-07
153,"[14712185, 10448316]",Kevin Jones,2024-08-06
154,"[42294614, 10448316]",Susan Garcia,2024-08-07
155,"[27147146, 10448316]",Roger Chambers,2024-08-07
156,"[405379756, 10315353]",Angela Williams MD,2024-08-06
157,"[25294832, 10315353]",Daniel Allen,2024-08-07
158,"[49976772, 593927194]",Lisa Cline,2024-08-06
159,[19400243],Kristin Wilson,2024-08-07
160,"[145781250, 10315353]",Amber Lawrence,2024-08-07
161,"[51259125, 10448316]",Mary Reed,2024-08-06
162,"[25294831, 10448316]",Alan Salazar,2024-08-06
163,"[139031565, 10315353]",Brenda Morrison,2024-08-07
164,"[734939013, 10448316]",Corey Weiss,2024-08-06
165,"[146584616, 10448316]",Richard Jones,2024-08-07
166,"[15191609, 10448316]",Shelby Matthews,2024-08-07
167,"[27147147, 10448316]",Lori Giles,2024-08-07
168,"[19801009, 10315353]",Tina Williams,2024-08-06
169,"[48009322, 593927194]",Stacey Johnson,2024-08-06
170,"[178463157, 10315353]",Abigail Cortez,2024-08-07
171,"[47183745, 10315353]",Michele Martin,2024-08-06
172,"[107039963, 10448316]",Ashley Mora,2024-08-07
173,[10533731],Christian Parsons,2024-08-06
174,"[48533971, 10448316]",Erik Martinez,2024-08-06
175,"[42294612, 10448316]",Mary Jones,2024-08-07
176,"[518324910, 10450104]",Stephanie Ibarra,2024-08-06
177,"[19400236, 10315353]",Joseph Jones,2024-08-07
178,"[42294613, 10315353]",Katie Ellis,2024-08-07
179,"[10414673, 10315353]",Christina Chapman,2024-08-07
180,"[42294611, 10448316]",Danielle Haynes,2024-08-07
181,"[42294616, 10448316]",Anthony Lynn,2024-08-07
182,"[47183746, 10448316]",Gabriel Clark,2024-08-06
183,"[161140228, 10448316]",Gina Nelson,2024-08-06
184,"[33866002, 10448316]",Stephanie Callahan,2024-08-07
185,"[46491707, 10448316]",Christopher Henderson,2024-08-06
186,[19400246],James Reed,2024-08-07
187,"[227532947, 593927194]",Steven Koch,2024-08-07
188,[10448629],Bonnie Wright,2024-08-07
189,"[13424831, 10448316]",Andrea French,2024-08-06
190,[795757231],Yesenia Cherry,2024-08-07
191,"[42294615, 10448316]",Douglas Marshall,2024-08-07
192,"[621164712, 10315353]",Susan Graves,2024-08-06
193,"[14244825, 10315353]",Stephanie Steele,2024-08-07
194,"[25294821, 10315353]",John Mclaughlin,2024-08-07
195,"[44390959, 10315353]",William Hall,2024-08-06
196,"[44391132, 593927194]",Heather Hill,2024-08-07
197,"[105052815, 10448316]",Zachary Walters MD,2024-08-06
198,"[160330922, 10315353]",Penny Smith,2024-08-06
199,"[187745835, 10448316]",Ronald Ramirez,2024-08-06
200,"[164053415, 10315353]",Zachary Moore,2024-08-06
201,"[158305850, 10448316]",Donna Martinez,2024-08-06
202,"[131503201, 593927194]",Charles Becker,2024-08-06
203,"[140139691, 10448316]",Emily Powell,2024-08-07
204,"[143916495, 10448316]",Mary Rodriguez,2024-08-06
205,"[479128386, 10315353]",Alison Carter,2024-08-06
206,"[127664610, 10448316]",Travis Scott,2024-08-06
207,"[166442338, 10448316]",Donna Gutierrez,2024-08-06
208,"[10534209, 10448316]",John Eaton,2024-08-07
209,"[137998792, 10448316]",Christopher Camacho,2024-08-06
210,"[51259056, 10450104]",Whitney Thomas,2024-08-06
211,"[184484908, 593927194]",Aaron Robinson,2024-08-07
212,"[165105595, 10448316]",Robert Nguyen,2024-08-07
213,"[966186011, 10448316]",Joseph Rose,2024-08-06
214,"[51259048, 10448316]",Nicole Franklin,2024-08-06
215,"[101409568, 10448316]",Angela Woodard,2024-08-07
216,"[111234171, 10448316]",Ryan Patterson,2024-08-07
217,"[160836438, 10448316]",Jeremy Wilson,2024-08-07
218,"[507132181, 10448316]",Maria Graham,2024-08-06
219,[128300189],Eric Solis MD,2024-08-07
220,[49933190],Michael Evans,2024-08-06
221,"[774666646, 593927194]",Cassie Andrade,2024-08-06
222,"[147229625, 10315353]",Leon Garcia,2024-08-06
223,"[115517382, 593927194]",Rebecca Harvey,2024-08-06
224,"[173941496, 10448316]",Whitney Gonzalez,2024-08-07
225,"[157925422, 10448316]",Scott Hancock,2024-08-06
226,"[130754503, 593927194]",Wendy Robinson,2024-08-06
227,"[193413277, 10448316]",Melissa Ayala,2024-08-06
228,"[51259045, 10448316]",Nathaniel Nelson,2024-08-06
229,"[577327930, 10448316]",David Willis,2024-08-06
230,"[135136317, 10448316]",Cassandra Holt,2024-08-07
231,"[130379273, 10315353]",Mary Ruiz,2024-08-06
232,"[195112652, 10448316]",William Mckenzie,2024-08-06
233,"[167389817, 10315353]",Jorge Blevins,2024-08-07
234,"[139025076, 593927194]",Joseph Bryant,2024-08-07
235,[660768274],Ashley Lamb,2024-08-06
236,"[192748456, 10448316]",Meghan Lawrence,2024-08-07
237,"[127832195, 10448316]",Michael Stewart,2024-08-07
238,"[897573213, 710217938]",Denise Osborne,2024-08-06
239,"[153687822, 10448316]",Rachel Gordon,2024-08-07
240,"[144895543, 10315353]",Brooke Green,2024-08-07
241,"[800557221, 10450104]",Robert Gallagher,2024-08-06
242,"[39321704, 593927194]",Susan Sampson,2024-08-07
243,"[10533741, 10448316]",Kimberly Russell,2024-08-07
244,"[10533749, 10448316]",Robert Rivers,2024-08-07
245,"[10533833, 10448316]",Katherine Carter,2024-08-06
246,"[25291731, 593927194]",Aimee Ho,2024-08-07
247,"[380575268, 10448316]",Joseph Saunders,2024-08-07
248,"[430043192, 10448316]",Kathy Thompson,2024-08-06
249,"[150108762, 10448316]",Melvin Marquez,2024-08-07
250,"[145843573, 10315353]",John Ramirez,2024-08-07
251,"[111779051, 593927194]",Ashley Vazquez,2024-08-07
252,"[51259012, 10448316]",Jesse Grant,2024-08-07
253,"[121895013, 10315353]",Ronald Scott,2024-08-07
254,"[51259060, 10448316]",Daniel Smith,2024-08-06
255,"[158751412, 10448316]",Kathleen Stein,2024-08-07
256,"[107463493, 10448316]",Wendy Simon,2024-08-06
257,"[180443629, 593927194]",Scott Avila,2024-08-06
258,"[171608938, 593927194]",Courtney Ortiz,2024-08-07
259,"[180458038, 10448316]",Destiny Neal,2024-08-07
260,"[155149217, 10448316]",Brittany Craig,2024-08-07
261,"[47183748, 593927194]",Erik Morales,2024-08-07
262,"[51351172, 10448316]",Sarah Rogers,2024-08-06
263,"[136975770, 10448316]",Nicholas Flores,2024-08-07
264,"[51351173, 10448316]",Patrick Lin,2024-08-07
265,"[496911493, 915286321]",Jasmine Kidd,2024-08-07
266,"[10293831, 16915158]",Kendra Wells PhD,2024-08-07
267,"[621172648, 17283459]",Joshua Jackson,2024-08-07
268,"[597867208, 10293831]",Travis Morris,2024-08-07
269,"[378306444, 10293831]",Richard Harris,2024-08-07
270,"[832873762, 10293831]",Amanda Murphy,2024-08-06
271,"[856381586, 10293831]",Christine Wilson,2024-08-07
272,"[21092535, 10293831, 10291479]",Veronica Poole,2024-08-07
273,[268251925],Scott Sanchez,2024-08-07
274,"[10291479, 10293831]",Yvonne Martinez,2024-08-06
275,"[915286321, 10293831]",Kathryn George,2024-08-06
276,[46519420],Thomas Adams,2024-08-07
277,"[10804308, 10293831]",Katrina Blake,2024-08-07
278,"[903778971, 10293831]",Julie Allen DDS,2024-08-06
279,"[15580508, 10293831]",Shawn Davis,2024-08-07
280,"[10311957, 10293831, 26441134]",Patrick West,2024-08-06
281,[854244238],Mrs. Lauren Harris,2024-08-07
282,"[10294313, 10293831]",Brett Cooper,2024-08-06
283,"[990183315, 10293831]",Adrian White,2024-08-06
284,"[782811634, 10293831]",Randall Oneill,2024-08-07
285,[470947556],Raymond Contreras,2024-08-07
286,"[11027499, 10293831]",Amanda Glover,2024-08-07
287,"[10804317, 10293831]",Luis Merritt,2024-08-06
288,"[10898768, 10293831]",Ryan Turner,2024-08-07
289,"[33784569, 10293831]",Sean Higgins,2024-08-06
290,"[591202690, 10293831]",Sarah Trevino,2024-08-07
291,"[129369915, 10293831]",Jacqueline Duncan,2024-08-06
292,"[27147150, 10448316]",Jessica Dunn,2024-08-07
293,"[190037862, 10448316]",Spencer Beck,2024-08-07
294,"[10533817, 10450104]",Rhonda Steele,2024-08-07
295,[10533813],Allison Brown,2024-08-07
296,[10533890],Curtis Monroe,2024-08-06
297,"[33867580, 593927194]",Kaitlyn Riddle,2024-08-07
298,"[10533826, 10315353]",Dr. Maureen Carrillo,2024-08-06
299,"[10533819, 10448316]",Kendra Sherman,2024-08-07
300,"[171415433, 10448316]",Stephanie Solomon,2024-08-06
301,"[10291983, 10293831]",Kristin Holloway,2024-08-06
302,"[767913275, 10448316]",Mrs. Sandra Smith MD,2024-08-07
303,"[551789125, 10448316]",David Powell,2024-08-07
304,[110653578],Ashley Owens,2024-08-06
305,"[113765265, 10448316]",Mr. Chris Ford MD,2024-08-06
306,"[352261117, 10450104]",Terri Contreras,2024-08-06
307,"[627842575, 10450104]",Christopher Logan,2024-08-06
308,"[10533743, 10448316]",Andrew Bell,2024-08-06
309,"[971362035, 11964579]",Joseph Stewart,2024-08-07
310,"[21268048, 11964578]",Veronica Nichols,2024-08-07
311,"[241168688, 10318502]",Leslie Nixon,2024-08-06
312,"[37911609, 10315918]",Mary Gonzalez,2024-08-06
313,[52694732],Maria Carr,2024-08-06
314,"[578550306, 10318509, 10293831, 10291479]",Stanley Jones,2024-08-06
315,"[16777252, 604620889, 10308608]",Chad Stewart,2024-08-06
316,"[10318502, 21092535, 26441134]",Christian Mcmillan,2024-08-06
317,"[10543909, 16777252, 10318502]",Maureen Duncan,2024-08-07
318,"[20525377, 854244238, 10293831]",Zachary Mueller,2024-08-06
319,"[123040842, 903778971, 10293831]",Christy Robinson,2024-08-06
320,"[160046791, 475167343]",Angela Castillo,2024-08-07
321,"[20918331, 10315918]",Julie Fisher,2024-08-07
322,"[14532479, 10315918]",Kyle Newton,2024-08-07
323,"[431217140, 10315918]",Sharon Hoffman,2024-08-07
324,"[403796430, 10318503]",Daniel Clark,2024-08-06
325,"[117610012, 10318502]",Krista Holt,2024-08-07
326,"[10304297, 10315918]",Kevin Mitchell,2024-08-07
327,"[10318509, 15556545, 475167343]",Tina Gibson,2024-08-07
328,"[380173884, 10318501, 10293831]",Troy Dickerson,2024-08-07
329,"[19856850, 10315918]",Stacy Perry,2024-08-07
330,"[17747578, 21092535]",Kenneth Herring,2024-08-06
331,"[128644879, 19856851, 10315918]",Sean Kline,2024-08-06
332,"[22086080, 10315918]",Thomas Taylor,2024-08-06
333,"[50159021, 475167343]",David Perry,2024-08-07
334,"[10450735, 16381759]",Michael Contreras,2024-08-07
335,"[16381759, 21092535]",Chloe Moreno,2024-08-06
336,"[10294599, 10318502]",Mr. Austin Ramirez,2024-08-06
337,"[19856851, 10315918]",William Walker,2024-08-07
338,[55511382],Daniel Humphrey,2024-08-07
339,"[10318575, 21092535]",Christopher Wood,2024-08-06
340,"[695711042, 10308602, 16915156]",David Deleon,2024-08-06
341,"[29953518, 10308605]",Jennifer Becker,2024-08-07
342,"[884500964, 475167343]",Michelle Hodge,2024-08-06
343,"[183413938, 10450329]",Colin Watson,2024-08-06
344,"[122546235, 10450329, 17179660]",Janice Stewart,2024-08-07
345,"[119042157, 10450329, 17179660, 17179661]",Kevin Anderson,2024-08-06
346,"[429917808, 10450329]",Mark Hernandez,2024-08-07
347,"[343148015, 10450331]",John Byrd,2024-08-06
348,"[188514015, 32267161]",Dorothy Murphy,2024-08-06
349,"[154659026, 10450329]",Gregory Colon,2024-08-07
350,"[371485606, 52145691]",Miguel Maldonado,2024-08-06
351,"[730203610, 328869537]",Zachary Potts,2024-08-07
352,"[717604204, 154686007]",Richard Brown DDS,2024-08-07
353,"[526592733, 40170273, 123298782]",Patricia Watts,2024-08-06
354,"[120408189, 40170273]",Brandon Martinez,2024-08-06
355,"[428169982, 321437222, 939881301]",Jeffery Atkins,2024-08-07
356,"[321437222, 568548658, 715470993]",Karen Smith,2024-08-07
357,"[939881301, 248783155, 667056737]",Donna Ward,2024-08-07
358,"[248783155, 667056737, 588263237]",Donald Andrews,2024-08-07
359,"[568548658, 715470993, 667056737]",Daniel Munoz,2024-08-07
360,"[715470993, 811955503, 667056737]",Cynthia Kirk,2024-08-07
361,"[600925922, 119795925, 867388391]",Kenneth French,2024-08-06
362,"[119795925, 867388391, 667056737]",Christopher Garcia,2024-08-06
363,"[867388391, 811955503, 667056737]",Melissa Payne,2024-08-07
364,"[712766000, 428169982, 321437222]",Bobby Black,2024-08-07
365,"[891819668, 476253041]",Zachary Sloan MD,2024-08-07
366,"[476253041, 667056737]",Austin Pineda,2024-08-07
367,"[624618802, 40170273, 313349773]",Charles Richardson,2024-08-07
368,"[313349773, 576904375]",Marcus Davis,2024-08-07
369,"[576904375, 842678057, 853999995]",Calvin Brown DVM,2024-08-07
370,"[842678057, 853999995, 247731889]",Alejandro Morales,2024-08-06
371,"[853999995, 247731889, 760974522]",Mary Carson,2024-08-07
372,"[247731889, 760974522, 199785896]",Alison Rodriguez,2024-08-06
373,"[760974522, 199785896, 123364148]",Donald Mccann,2024-08-06
374,"[199785896, 123364148, 245621300]",Erica Roberts,2024-08-07
375,"[123364148, 245621300, 660422175]",Amanda Houston,2024-08-07
376,"[245621300, 660422175, 606426732]",Johnny Holder,2024-08-07
377,"[660422175, 606426732, 17056907]",Zachary Harrington,2024-08-07
378,"[606426732, 17056907, 669412407]",Caitlyn Hardin,2024-08-06
379,"[17056907, 669412407, 709876505]",Brian Bailey,2024-08-07
380,"[669412407, 709876505, 291501635]",Jenna Mason,2024-08-07
381,"[709876505, 291501635, 961140852]",Mary Johnson,2024-08-06
382,"[291501635, 961140852, 728132396]",Stephanie Torres,2024-08-07
383,"[961140852, 728132396, 692267996]",Brian Robertson,2024-08-06
384,"[728132396, 692267996, 302416174]",Juan Jones,2024-08-07
385,"[692267996, 302416174, 535369214]",Joshua Mann,2024-08-07
386,"[302416174, 535369214, 333135859]",Diane Forbes,2024-08-07
387,"[535369214, 333135859, 800197901]",Brad Schneider,2024-08-07
388,"[333135859, 800197901, 185491918]",Kristin Sanchez,2024-08-06
389,"[800197901, 185491918, 479327861]",Lisa Ray,2024-08-06
390,"[185491918, 479327861, 777956229]",Nathan Nixon,2024-08-07
391,"[479327861, 777956229, 204779055]",Craig Marshall,2024-08-06
392,"[777956229, 204779055, 879835763]",Carol Rowe,2024-08-07
393,"[204779055, 879835763, 522317110]",Stephanie Brown,2024-08-06
394,"[879835763, 522317110, 727378261]",Dr. Stephen Gibbs,2024-08-06
395,"[522317110, 727378261, 584821456]",Randall Stone,2024-08-06
396,"[727378261, 584821456, 500693145]",Karen Trujillo,2024-08-07
397,"[584821456, 500693145, 572117323]",Nicole Maxwell,2024-08-07
398,"[500693145, 572117323, 696176170]",Kerry Horton,2024-08-07
399,"[572117323, 696176170, 786876148]",Shane Gross,2024-08-07
400,"[696176170, 786876148, 449370069]",Joshua Warner,2024-08-06
401,"[786876148, 449370069, 829661923]",Robert Fleming,2024-08-06
402,"[449370069, 829661923, 130685826]",Carol Anderson,2024-08-06
403,"[829661923, 130685826, 702980065]",John Andrews,2024-08-06
404,"[130685826, 702980065, 483268488]",Michael Moreno,2024-08-06
405,"[702980065, 483268488, 670431640]",Dr. Dennis Thomas,2024-08-06
406,"[483268488, 670431640, 829305971]",Scott Cole,2024-08-06
407,"[670431640, 829305971, 480838926]",Michael Cunningham,2024-08-07
408,"[829305971, 480838926, 429851388]",Audrey Davis DDS,2024-08-07
409,"[480838926, 429851388, 390077281]",Justin Landry,2024-08-07
410,"[429851388, 390077281, 537346001]",Barbara Simmons,2024-08-06
411,"[390077281, 537346001, 517784893]",Nicole Caldwell,2024-08-06
412,"[537346001, 517784893, 752378212]",Benjamin Brandt,2024-08-06
413,"[517784893, 752378212, 366472336]",Richard Keller,2024-08-06
414,"[752378212, 366472336, 832186405]",Robert Martin,2024-08-06
415,"[366472336, 832186405, 804474595]",Travis Stafford,2024-08-07
416,"[832186405, 804474595, 737995684]",Brian Rowe,2024-08-07
417,"[804474595, 737995684, 928253200]",Lawrence Hensley,2024-08-07
418,"[166443252, 44391250, 425806239]",Amber Gates,2024-08-06
419,"[21553597, 10447837]",Bradley Colon,2024-08-06
420,"[331823702, 44662573]",Kimberly Collins,2024-08-06
421,"[428810284, 10450104]",Frank Paul Jr.,2024-08-07
422,"[890638460, 44662573]",Heather Williamson,2024-08-06
423,"[856441429, 44390971]",Matthew Marshall,2024-08-07
424,"[952655941, 10448316, 15556485]",Carol Smith,2024-08-06
425,[44391014],Jennifer Smith,2024-08-06
426,[779511488],Tyler Stout,2024-08-06
427,[417147797],Nicole Garcia,2024-08-06
428,"[43999644, 10450104, 43711099, 20923720, 10532755, 44390971]",Raymond Johnson,2024-08-06
429,"[43711099, 19897898, 10533375, 10450104]",Julie Smith,2024-08-07
430,"[443445588, 17247767, 10315353, 15136790]",Laura Scott,2024-08-06
431,"[10452833, 25752081, 881793220]",Marvin Silva,2024-08-07
432,"[711202959, 14651650, 101418588]",Robert Hart,2024-08-06
433,"[10532755, 44390971, 51259215]",Katrina Kirk,2024-08-07
434,"[425806239, 21094642, 152215129]",Scott Warner,2024-08-07
435,"[10290677, 626916709, 14647654]",Christian Johnson,2024-08-06
436,"[144090573, 644620176]",Christina Randolph,2024-08-06
437,"[10450104, 46491690, 100426716]",Jacob Campbell,2024-08-06
438,"[247313324, 20850662]",Andrea Kennedy,2024-08-07
439,"[51871266, 15754582]",Pamela Rivers,2024-08-07
440,"[54802264, 35486045]",Charles Moore,2024-08-07
441,"[217963340, 54802261]",Johnny Hickman,2024-08-07
442,"[10290691, 151153086]",Cassandra Contreras,2024-08-07
443,"[259959931, 698962782]",Mrs. Yolanda Harrell,2024-08-07
444,"[258816926, 263048470]",Alicia Beard,2024-08-07
445,"[581468347, 34575605]",Kevin Reyes,2024-08-07
446,"[47094193, 585589863]",John Mills,2024-08-06
447,"[869392766, 12444155]",Victor Atkins,2024-08-06
448,"[429482061, 10447837]",Carla Carr,2024-08-07
449,"[131520409, 15136790]",Matthew Byrd,2024-08-07
450,[761583181],Kristin Myers MD,2024-08-06
451,"[535097776, 126585509]",Hunter Francis,2024-08-07
452,"[126585509, 218753174]",John Taylor,2024-08-06
453,"[218753174, 797711610]",Theodore Barry,2024-08-06
454,"[797711610, 656725210]",Anthony Smith,2024-08-07
455,"[656725210, 804344803]",Richard Hall,2024-08-07
456,"[804344803, 810612424]",Charles Humphrey,2024-08-06
457,"[810612424, 418717120]",Jenny Cantu,2024-08-07
458,"[418717120, 128105415]",James Fernandez,2024-08-07
459,"[128105415, 848033595]",Jordan Jones,2024-08-06
460,"[848033595, 911705379]",Diane Mccoy,2024-08-06
461,"[911705379, 538575097]",Jennifer Mccarty,2024-08-06
462,"[538575097, 139049583]",Lori Carpenter,2024-08-07
463,"[139049583, 853001102]",Marcus Bridges,2024-08-06
464,"[853001102, 700138835]",Kevin Reynolds,2024-08-06
465,"[700138835, 673032190]",Joseph Clark,2024-08-06
466,"[673032190, 139506163]",Warren Santiago,2024-08-07
467,"[139506163, 970454393]",Anna Peters,2024-08-07
468,"[970454393, 596211771]",Mark Johnson,2024-08-07
469,"[596211771, 222280456]",Jermaine Leon,2024-08-06
470,"[222280456, 51258904]",Mrs. Jennifer Schaefer,2024-08-06
471,"[51258904, 144428467]",Tanner Wright,2024-08-06
472,"[144428467, 252917245]",Jordan Valdez,2024-08-07
473,"[252917245, 620392884]",Andrew Palmer,2024-08-06
474,"[620392884, 301577562]",Steven Holmes,2024-08-07
475,"[301577562, 504316040]",Caitlin Orr,2024-08-06
476,"[504316040, 671916615]",Joshua Ross,2024-08-06
477,"[671916615, 15727385]",Alyssa Richardson,2024-08-07
478,"[15727385, 455907059]",Rachael Hernandez,2024-08-06
479,"[455907059, 871210331]",Rebecca Hines,2024-08-06
480,"[871210331, 990019682]",Brandon Anderson MD,2024-08-06
481,"[990019682, 813231586]",Benjamin Martinez,2024-08-07
482,"[813231586, 637587932]",Katherine Green,2024-08-07
483,"[637587932, 19758054]",Erin Hansen,2024-08-06
484,"[19758054, 380912948]",Scott Smith,2024-08-07
485,"[380912948, 14255302]",Mark Becker,2024-08-07
486,"[14255302, 464160633]",Ashley Rodriguez,2024-08-07
487,"[464160633, 686022206]",Jennifer Reyes,2024-08-07
488,"[686022206, 47386250]",Mr. Mark Roberts,2024-08-07
489,"[47386250, 370041004]",Jared Zimmerman,2024-08-07
490,"[370041004, 192245967]",Tammy Carey,2024-08-07
491,"[192245967, 889841284]",Laura Patel,2024-08-06
492,"[889841284, 126950773]",Aaron Anderson,2024-08-07
493,"[126950773, 584453976]",Karen Sanders,2024-08-07
494,"[584453976, 291519070]",John Williams,2024-08-07
495,"[291519070, 603457518]",Erica Barnett,2024-08-07
496,"[603457518, 937714347]",Dr. Sierra French DVM,2024-08-07
497,"[937714347, 241744100]",Amanda Ramos,2024-08-07
498,"[241744100, 17248341]",Chad Hill MD,2024-08-07
499,"[17248341, 106796903]",David Pena,2024-08-07
500,"[106796903, 733387966]",Savannah Ibarra,2024-08-07
501,"[733387966, 637974594]",Lori Morgan,2024-08-07
502,"[637974594, 109648924]",John Shaffer,2024-08-07
503,"[109648924, 410628074]",Kathryn Johnson,2024-08-07
504,"[410628074, 155626843]",Theodore Lopez,2024-08-06
505,"[155626843, 230400554]",Melissa Saunders,2024-08-06
506,"[230400554, 233352116]",Anthony Irwin,2024-08-06
507,"[233352116, 616983600]",Alexander Williams,2024-08-07
508,"[616983600, 880579753]",Joseph Johnson,2024-08-06
509,"[880579753, 14255298]",Danielle Cabrera,2024-08-06
510,"[14255298, 765507153]",Robert Luna,2024-08-07
511,"[765507153, 17248342]",Phillip King,2024-08-07
512,"[17248342, 888378634]",Vincent Carson,2024-08-07
513,"[10450329, 17179661, 10450331]",Richard Arnold,2024-08-06
514,"[52145691, 52196662, 46491756]",April Rodriguez,2024-08-07
515,"[10535153, 10535150]",Nicholas Hart,2024-08-07
516,"[15754302, 17209289, 10448019]",Mary Brooks,2024-08-06
517,"[10448316, 15556485, 593927194, 244376667]",Stacy Smith,2024-08-07
518,"[15136790, 479601462, 39944484]",Dominic Castro,2024-08-06
519,"[10450104, 43711099, 10533375, 44390971]",Kristen Ruiz,2024-08-07
520,"[10818666, 580204443]",Keith Thompson,2024-08-07
521,"[764659276, 10316044]",Daniel Hall,2024-08-07
522,"[971362035, 52694732]",James Hall,2024-08-06
523,"[47770140, 44390948, 11025598]",Sarah Ross,2024-08-06
524,"[44390945, 10402650, 44390944]",William Harris,2024-08-07
525,"[392217599, 722630788, 416286708, 44662573]",Ernest Sanders,2024-08-07
526,"[861014617, 637648335, 10535388]",Debra Robinson,2024-08-07
527,"[10450998, 10315915, 10315269]",Devin Ruiz,2024-08-06
528,"[10450329, 15673686, 10312496]",Dylan Pierce,2024-08-06
529,"[328869537, 666038223]",Andrew Coleman,2024-08-07
530,"[335906222, 352194550, 10535153]",Kristina Carpenter,2024-08-07
531,"[10315852, 189518153, 142751216]",Darrell Edwards,2024-08-07
532,"[24221176, 574999533, 130416860]",Laura Arnold,2024-08-06
533,"[693667245, 44391067]",Kaitlyn Johnson,2024-08-07
534,"[10312496, 10309354]",Jason Hull,2024-08-06
535,"[953466267, 14123550, 10309357]",Ashley Woods,2024-08-06
536,"[10450904, 151090224, 158827085]",William Williams,2024-08-07
537,"[166305702, 761583181]",Thomas Bell,2024-08-07
538,"[510901331, 747667210]",Jason Delacruz,2024-08-06
539,"[34218621, 938426029, 22176464]",Michael Allen,2024-08-06
540,"[20709875, 175210681, 15103549]",Cheryl Mcgee,2024-08-06
541,"[10312496, 47585143, 15136790, 479601462, 10450104]",Tom Stewart,2024-08-06
542,"[10448006, 10448026, 10452829]",Jamie Williams,2024-08-07
543,"[971760828, 784342074, 15136623]",Shelia Thomas,2024-08-06
544,"[10315427, 10415534, 10416105]",Ms. Alison Myers,2024-08-07
545,"[10450998, 10315267, 10449160]",Amy Stephens,2024-08-07
546,"[10307788, 14862721]",Morgan Long,2024-08-07
547,"[780618107, 10414680, 10315353]",Susan Ford PhD,2024-08-06
548,"[20608050, 10415878]",Christy Morrison,2024-08-07
549,"[46597314, 10891830]",Kelly Walker,2024-08-06
550,"[202344615, 25847974]",Sue Mercer,2024-08-06
551,"[44390948, 51259338, 47314798]",Seth Blake,2024-08-07
552,"[44390945, 55014398, 51259361]",Leslie Coleman,2024-08-06
553,"[861014617, 408264184, 10535388, 10448936, 793947882]",Ryan Allen,2024-08-06
554,"[15529427, 10294615, 10312980]",Peter Morales,2024-08-06
555,"[10450329, 10293185, 10312496]",Roberto Kim,2024-08-07
556,"[10535153, 10535154, 10535148]",Kyle Austin,2024-08-06
557,"[10448316, 15556485, 134201720, 15136790]",Jonathan Prince,2024-08-07
558,"[46491653, 51259112, 10447837]",Anthony Love,2024-08-07
559,"[10450104, 43711099, 10448006, 50067993]",Alexandra Smith,2024-08-07
560,"[580204443, 988616664, 10316044]",Linda Armstrong,2024-08-07
561,"[21268048, 10318502, 457772642, 10543909]",James Aguilar,2024-08-07
562,"[47770140, 22660282, 44390958, 51259387]",Destiny Becker,2024-08-07
563,"[51259361, 10813651, 51259411, 10451315, 51259378]",Maria Williams,2024-08-06
564,"[861014617, 793947882, 10813458, 10535029, 533272737]",Kenneth Hodge,2024-08-06
565,"[15529427, 593927194, 425806239, 10290677, 10315353]",Natasha Gonzalez,2024-08-06
566,"[352194550, 667056737, 588263237, 10535150]",Kristine Jones,2024-08-06
567,"[15136790, 15136793, 10450104, 43711099, 44390971]",Courtney Perez,2024-08-07
568,"[45612374, 14651642, 25847928, 10818665]",Katherine Torres,2024-08-06
569,"[971362035, 37402740, 10318502, 10543909, 47770140]",Jacqueline Fuller,2024-08-06
570,"[10532755, 44390971, 51259215, 13893738, 44391042]",Amy Johnson,2024-08-06
571,"[10315088, 330313658, 10314968, 37620985]",Shawn Williams,2024-08-07
572,"[313349773, 842678057, 853999995, 247731889, 660422175, 17056907]",Kathryn Robertson,2024-08-07
573,"[10312496, 10312504, 47585143, 15136790, 593927194]",Robert Zavala,2024-08-07
574,"[10535153, 10535150, 10535154, 15754302, 17209289]",David Hampton,2024-08-06
575,"[20608050, 10415878, 10315729, 971760828]",Denise Davis,2024-08-07
576,"[10315427, 10316041, 10315431, 10415519]",George Mckinney,2024-08-07
577,"[10450998, 10451000, 54891542, 20897771]",Diana Alexander,2024-08-07
578,"[10307788, 35486037, 14869823, 10307787, 10535899]",Craig Rice,2024-08-06
579,"[780618107, 613823324, 10414680, 338508084, 10450104]",Isaiah White,2024-08-06
580,"[693667245, 892195087, 987641021, 223516502, 27047498]",Bridget Mcguire,2024-08-06
581,"[10312496, 47585143, 953466267, 10309357]",Robert Wright,2024-08-06
582,"[10450904, 600973353, 102951873, 356031420]",Melanie Allen,2024-08-06
583,"[510901331, 747667210, 369283286, 689570347]",Angel Robinson,2024-08-07
584,"[10450329, 15673686, 34218621, 938426029, 22176464]",Sara Garcia,2024-08-07
585,"[16777252, 50159021, 10543909, 20525377, 854244238]",Tiffany Allen,2024-08-07
586,"[47770140, 11025598, 216218066, 50912363, 44390958, 51259197]",Jessica Taylor,2024-08-06
587,"[44390945, 10402650, 55014398, 51259411, 44390947]",Jorge Clark,2024-08-06
588,"[10448936, 793947882, 217612954, 10813458, 10535029, 170192822]",Luis Ellis DDS,2024-08-06
589,"[15529427, 10294615, 590683825, 10312980, 22259053]",Eric Estrada,2024-08-07
590,"[10450329, 17179660, 11964579, 47770140]",Corey Schmidt,2024-08-06
591,"[10535153, 10535154, 15754302, 17209289, 10448019, 190193497]",Aaron Moreno,2024-08-07
592,"[46491653, 244376667, 15136790, 479601462, 10447837, 10450104, 43711099]",Jennifer Moses,2024-08-06
593,"[580204443, 825438725, 549846821, 682792775, 10316044, 10415070]",Jessica Edwards,2024-08-06
594,"[21268048, 52694732, 11964579, 37402740, 10543909, 20525377]",Michelle Robles,2024-08-07
595,"[22660282, 44390958, 44391008, 44391147, 51259197, 47314798]",Anthony Myers,2024-08-06
596,"[55014398, 51259361, 10813651, 51259378, 10447837, 44390952, 44390947]",David Jacobs,2024-08-07
597,"[40170273, 123298782, 184184305, 337892538, 384351699]",James Smith,2024-08-07
598,"[313349773, 576904375, 842678057, 760974522, 199785896, 123364148]",Miss Patty Clark,2024-08-07
599,"[14123550, 23597919, 10312490, 54513679, 10309358, 15136790]",Ashley Butler,2024-08-07
600,"[44391067, 221108649, 683027333, 612693762]",Bonnie Lawson,2024-08-06
601,"[10312496, 10309354, 953466267, 10309357, 23597919]",Laura Perez,2024-08-07
602,"[600973353, 756633276, 102951873, 834781714]",Regina Mckinney,2024-08-07
603,"[510901331, 747667210, 114137259, 369283286]",Monica Trevino,2024-08-06
604,"[34218621, 938426029, 25124455, 44691100, 933625784]",Hannah Goodman,2024-08-06
605,"[21268048, 10318502, 457772642, 578550306, 10543909, 47770140]",Jesse Hood,2024-08-06
606,"[10532755, 44390971, 51259215, 44391042, 13893738, 44391040]",Shannon Harmon,2024-08-06
607,"[861014617, 408264184, 170192822, 631368530, 10804936, 49976773]",Omar Meyers,2024-08-06
608,"[15529427, 10294615, 593927194, 10315353, 10290677, 10452368]",Robert Campbell,2024-08-06
609,"[10450329, 10293185, 328869537, 865834016]",Olivia Todd,2024-08-07
610,"[667056737, 10535150, 10535154, 15754302, 10448019]",Meredith Nicholson,2024-08-07
611,"[15136790, 479601462, 10447837, 44390948, 51259215, 378941019]",Mandy Cook,2024-08-06
612,"[45612374, 10818664, 141482300, 791730369, 10818665, 10316044]",Mercedes Montoya,2024-08-06
613,"[971362035, 21268048, 10318502, 457772642, 10543909, 475167343]",Amanda Davis,2024-08-07
614,"[44390958, 44391008, 44391147, 697850796, 492909841, 44390957]",Scott Campbell,2024-08-07
615,"[10402650, 55014398, 51259361, 10451315, 10447837, 44390947]",Lisa Spencer,2024-08-06
616,"[10315088, 330313658, 10314968, 10308051, 44883263, 567535646]",John Whitaker IV,2024-08-06
617,"[15529427, 10294615, 10315353, 10290692, 14647628, 10315475]",Donna Bush,2024-08-07
618,"[335906222, 10535154, 10448019, 190193497, 15754301, 10402840]",James Garcia,2024-08-07
619,"[15136790, 55446514, 44390948, 44390945, 10402650, 55014398, 44390971]",Maurice Strickland,2024-08-07
620,"[216139497, 182199910, 769279975, 10315227, 14651642, 10818664]",James Hamilton,2024-08-07
621,"[971362035, 20525377, 37911609, 10318502, 14532479, 117610012, 10450735]",Dorothy Martin,2024-08-07
622,"[11025598, 50912363, 44390958]",Matthew Key,2024-08-06
623,"[44390944, 51259212, 44390955]",Molly Wood,2024-08-07
624,"[10448316, 15556485, 593927194, 15136790]",Dr. Jamie Hoffman,2024-08-07
625,"[971362035, 10543909, 10315918]",Marc Holland,2024-08-06
626,"[44390948, 44390958, 44390957]",Nathan Sanchez,2024-08-06
627,"[10402650, 55014398, 51259361]",Debra Warren,2024-08-06
628,"[392217599, 10308395, 10315353, 378941019]",Angela Hanson,2024-08-07
629,"[10450329, 17179660, 10813528, 52145691]",Brian Taylor,2024-08-06
630,"[52196662, 46491756, 10535153, 667056737]",Steven Bolton MD,2024-08-07
631,"[40170273, 123298782, 184184305]",Leslie James,2024-08-06
632,"[46491653, 10448316, 15556485, 134201720]",Mr. Mitchell Williams,2024-08-07
633,"[15136790, 21553581, 23810466]",Tiffany Ortega,2024-08-06
634,"[10450104, 43711099, 443445588, 17247767]",Travis Watkins,2024-08-06
635,"[764659276, 10818666, 10316044, 45612374]",Kimberly Green,2024-08-06
636,"[21268048, 37911609, 10318502]",Monica Lewis,2024-08-07
637,"[44390948, 51259338, 50912363, 44390958]",Steven Freeman,2024-08-06
638,"[44390945, 10402650, 44390944, 51259212, 10451315]",Brandon Dixon,2024-08-07
639,"[392217599, 695069258, 10308395, 10315353]",Maria Sanchez,2024-08-06
640,"[861014617, 170192822, 10813458, 10535029, 533272737, 10804936]",Michael Burnett,2024-08-06
641,"[10450998, 10315915, 10315269, 10315267, 10449160]",Clinton Fox,2024-08-06
642,"[10450329, 32267161, 10312496, 10402724, 52145691]",Sean Daniels,2024-08-07
643,"[328869537, 865834016, 428169982]",Michael Barnes,2024-08-07
644,"[10535153, 10535154, 10535148, 15754302]",Richard Shah,2024-08-07
645,"[10315852, 189518153, 24221176, 574999533]",Stephanie Lopez,2024-08-07
646,"[693667245, 892195087, 44391067, 987641021]",Karina Wilson,2024-08-07
647,"[953466267, 14123550, 10309357, 23597919, 47585143, 15136790]",Amy Chan,2024-08-06
648,"[10450904, 600973353, 756633276, 834781714, 510901331]",Christina Evans,2024-08-07
649,"[166305702, 761583181, 535097776, 126585509]",Mark Hudson,2024-08-07
650,"[510901331, 747667210, 114137259, 369283286]",Kenneth Rodriguez,2024-08-07
651,"[10450329, 15673686, 34218621, 938426029, 22176464, 46491653]",Catherine Conway,2024-08-06
652,"[16777252, 50159021, 10543909, 20525377, 854244238, 15136793]",Yolanda Thompson,2024-08-07
653,"[50912363, 44390958, 697850796, 492909841, 44390957, 44391012]",Mary Smith,2024-08-06
654,"[55014398, 51259361, 10813651, 51259378, 10447837, 13893738]",Henry Schwartz,2024-08-06
655,"[10315088, 170192822, 631368530, 10813458, 10535029]",Robin Simpson,2024-08-07
656,"[15529427, 593927194, 425806239, 10315353, 10290677, 10452368, 15136790]",Michelle Williamson,2024-08-07
657,"[335906222, 10535150, 10535154, 10448019, 15754301, 190193497, 15754300]",Connie Gaines,2024-08-06
658,"[216139497, 182199910, 769279975, 10315227, 14651642, 10818664]",Jacqueline Watson,2024-08-07
659,"[971362035, 37911609, 14532479, 10318509, 19856850]",Tanya Morgan,2024-08-06
660,"[11025598, 50912363, 44390958, 44390943, 22660282]",Jeffrey Sanchez PhD,2024-08-07
661,"[44390945, 55014398, 51259361, 10402650, 44390944, 10447837]",William Williams,2024-08-07
662,"[392217599, 695069258, 10308395, 10315353, 378941019, 425806239]",Tiffany Snyder,2024-08-06
663,"[861014617, 408264184, 631368530, 10813458, 10535029]",Sandra Sanchez,2024-08-06
664,"[15529427, 10294615, 10315353, 10290677, 10452368, 15136790, 479601462]",Stephen Torres,2024-08-06
665,"[667056737, 10535150, 15754302, 17209289, 10448019, 190193497]",Carolyn Gordon,2024-08-06
666,"[45612374, 10818664, 141482300, 10818665, 10316044, 10415070]",Joseph Beard,2024-08-07
667,"[971362035, 21268048, 10543909, 20525377, 457772642, 50159021]",James Holland,2024-08-07
668,"[47770140, 11025598, 216218066, 44390958, 44390943, 22660282]",Michael Lawrence,2024-08-06
669,"[55014398, 51259361, 51259378, 10451315, 10447837, 13893738]",Scott West,2024-08-07
670,"[861014617, 408264184, 631368530, 10813458, 10535029, 10315088]",Victor Moore,2024-08-07
671,"[15529427, 10294615, 10315353, 10290677, 10452368, 46491653]",Tonya Moon,2024-08-06
672,"[10535150, 10448019, 15754301, 190193497, 15754300, 15716612]",William Brown,2024-08-07
673,"[14651642, 25847928, 791730369, 10818665, 10316044, 45612374]",Michael Day,2024-08-06
674,"[21268048, 37911609, 10318502, 457772642, 10543909, 20525377, 117610012]",Tommy Vega,2024-08-06
675,"[47770140, 50912363, 44390958, 22660282, 697850796, 44390957]",Alexis Owens,2024-08-06
676,"[44390945, 10402650, 44390944, 51259212, 10451315, 10447837, 13893738, 44390955]",Gerald Rollins,2024-08-07
677,"[10448936, 793947882, 10813458, 10535029, 10315088]",Cynthia Reed,2024-08-07
678,"[15529427, 593927194, 10315353, 10290677, 10452368, 15136790]",Jessica Orozco,2024-08-06
679,"[10535153, 10535154, 15754302, 190193497, 10402840]",Donna Zimmerman,2024-08-06
680,"[15136790, 479601462, 10450104, 43711099, 44390971, 10532755]",Alexander Mccall,2024-08-06
681,"[216139497, 10315227, 10818664, 141482300, 10818665]",Jacqueline Salinas,2024-08-06
682,"[971362035, 21268048, 10318502, 457772642, 578550306, 10294599]",Timothy Jordan,2024-08-06
683,"[44390958, 44391008, 44391147, 44390986, 44390957]",Savannah House,2024-08-06
684,"[44390945, 51259212, 10451315, 44390947, 10402650]",Denise Wood,2024-08-07
685,"[392217599, 10308395, 10315353, 378941019, 10447837]",Bryan Smith,2024-08-06
686,"[40170273, 123298782, 184184305, 337892538, 384351699, 193690908]",Jesse Peterson,2024-08-06
687,"[313349773, 576904375, 842678057, 760974522, 606426732]",Alan Holder,2024-08-06
688,"[953466267, 14123550, 10309357, 23597919, 47585143, 15136790, 479601462]",Teresa Diaz,2024-08-06
689,"[10450904, 600973353, 756633276, 834781714, 510901331, 151090224]",Andre Wilson,2024-08-06
690,"[166305702, 535097776, 126585509, 218753174]",William Williams,2024-08-06
691,"[510901331, 747667210, 114137259, 369283286, 349874443, 10403572]",Leslie Strong,2024-08-07
692,"[10450329, 34218621, 938426029, 44691100, 933625784, 475379141]",Scott Jones,2024-08-07
693,"[50159021, 21268048, 10543909, 20525377, 16777252]",Patrick Gilbert,2024-08-06
694,"[44390948, 51259338, 216218066, 50912363, 44390958, 44390943]",Scott Griffith,2024-08-06
695,"[10402650, 55014398, 51259411, 10451315, 10447837, 13893738, 51259378]",Kristen Marquez,2024-08-07
696,"[10315088, 330313658, 10314968, 10308051, 44883263, 567535646, 29927776]",Dawn Morales,2024-08-06
697,"[15529427, 10294615, 593927194, 425806239, 10315353, 10290677, 10452368, 15136790]",Karen Lane,2024-08-06
698,"[10535153, 10535148, 15754302, 17209289, 15754301, 15716612]",Michael Hughes,2024-08-06
699,"[45612374, 10818664, 25847928, 791730369, 10818665, 14651642]",Catherine Brown,2024-08-07
700,"[971362035, 21268048, 37911609, 10318502, 10543909, 20525377]",Michael Alexander,2024-08-07
701,"[44390948, 44390958, 44390943, 22660282, 697850796, 44390986]",Emily Davis,2024-08-07
702,"[55014398, 51259361, 10451315, 51259378, 10447837, 13893738]",Amy Reed,2024-08-06
703,"[40170273, 123298782, 337892538, 384351699, 193690908, 20670293]",Daisy Price,2024-08-07
704,"[313349773, 842678057, 247731889, 199785896, 660422175, 17056907, 576904375]",Richard Price,2024-08-07
705,"[10312496, 47585143, 953466267, 23597919, 15136790, 479601462]",Taylor Anderson,2024-08-07
706,"[693667245, 892195087, 44391067, 987641021, 223516502, 27047498]",Lindsay Barber,2024-08-07
707,"[953466267, 10309357, 23597919, 10312490, 54513679, 10309358]",Susan Cook,2024-08-06
708,"[600973353, 756633276, 834781714, 102951873, 247731889]",Mr. Jacob Dixon MD,2024-08-07
709,"[510901331, 747667210, 114137259, 369283286, 689570347, 572291300]",Cody Mckee,2024-08-06
710,"[10450329, 15673686, 34218621, 938426029, 25124455, 44691100]",Matthew Dunlap,2024-08-07
711,"[16777252, 21268048, 50159021, 10543909, 20525377, 10318502]",Kristy Martin,2024-08-06
712,"[22660282, 44390958, 44391008, 51259197, 47314798, 161115457]",Dr. Matthew Montgomery,2024-08-07
713,"[10402650, 55014398, 51259361, 10451315, 10447837, 13893738, 51259378, 44390944]",Tara Jimenez,2024-08-07
714,"[10315088, 29927776, 10813458, 10535029, 533272737, 820711625, 631368530]",Darlene Miller,2024-08-07
715,"[15529427, 10294615, 593927194, 425806239, 10315353, 10290677, 10452368, 22218203]",Michael Johnson,2024-08-06
716,"[10448006, 10448026, 667056737, 15754302, 15754301, 10402840, 15716612]",Michael Lewis,2024-08-07
717,"[15136790, 55446514, 10450104, 43711099, 44390971, 10532755, 10448006]",Kristi Ruiz,2024-08-07
718,"[216139497, 182199910, 10315227, 141482300, 25847928]",Allen Herrera,2024-08-06
719,"[971362035, 21268048, 10318502, 10543909, 20525377, 19856850, 128644879]",Brittany Caldwell,2024-08-06
720,"[11025598, 44390943, 22660282, 697850796, 492909841]",Johnny Fernandez,2024-08-06
721,"[44390945, 51259212, 10451315, 10447837, 51259361]",Donald Horne,2024-08-06
722,"[40170273, 384351699, 193690908, 20670293, 20670294, 148683676]",Christian Gonzalez,2024-08-06
723,"[313349773, 576904375, 842678057, 760974522, 606426732, 17056907]",Angela Perez,2024-08-06
724,"[953466267, 14123550, 10309357, 23597919, 10312490, 15136790]",Shaun Dixon,2024-08-06
725,"[693667245, 44391067, 987641021, 223516502, 683027333]",Megan Schultz,2024-08-07
726,"[953466267, 10309357, 10312496, 10312504, 47585143, 15136790]",Nicole Mueller,2024-08-07
727,"[600973353, 756633276, 834781714, 510901331]",Joseph Thompson,2024-08-07
728,"[761583181, 535097776, 126585509]",Heather Valdez,2024-08-07
729,"[747667210, 114137259, 369283286, 572291300, 510901331]",Pamela Mclaughlin,2024-08-06
730,"[34218621, 938426029, 44691100, 933625784, 610060377, 17670865]",Jason Green,2024-08-06
731,"[21268048, 10543909, 16777252, 20525377, 457772642]",Kimberly Trevino,2024-08-06
732,"[44390958, 44390943, 22660282, 697850796, 492909841, 51259330, 197769855]",Lisa Edwards MD,2024-08-07
733,"[44390945, 55014398, 51259361, 10813651, 51259378, 10447837]",James Ross,2024-08-07
734,"[40170273, 123298782, 337892538, 20670293, 20670294, 148683676, 200327089]",Maria Beard,2024-08-07
735,"[313349773, 842678057, 247731889, 199785896, 17056907, 669412407]",Roger Myers,2024-08-07
736,"[14123550, 10312490, 47585143, 15136790, 22218203, 21559280]",Donald Donovan,2024-08-06
737,"[693667245, 44391067, 987641021, 683027333, 673475190, 760402918]",Samuel Ramirez,2024-08-06
738,"[10312496, 47585143, 953466267, 14123550, 10309357, 19757985]",Ryan Macdonald,2024-08-07
739,"[600973353, 756633276, 834781714, 749244886]",Rebecca Lewis,2024-08-07
740,"[510901331, 747667210, 114137259, 369283286, 689570347, 349874443]",Amber Pugh,2024-08-07
741,"[10450329, 15673686, 34218621, 25124455, 44691100]",Christopher Levine,2024-08-07
742,"[16777252, 50159021, 20525377, 854244238, 10318502, 10291479]",Kerry Hayes,2024-08-07
743,"[47770140, 50912363, 22660282, 44390958, 44390950, 44391299, 44390957]",Marco Schwartz,2024-08-07
744,"[44390945, 10402650, 55014398, 51259411, 10451315, 51259378]",Micheal Golden,2024-08-07
745,"[40170273, 123298782, 337892538, 193690908, 20670293, 20670294, 148683676]",Christina Carr,2024-08-06
746,"[576904375, 842678057, 247731889, 199785896, 17056907]",Zachary Holland,2024-08-07
747,"[953466267, 14123550, 10309357, 23597919, 10312490, 15136790, 479601462]",Jessica Collins,2024-08-07
748,"[693667245, 44391067, 223516502, 734715209, 116536954]",Mr. Charles Cook MD,2024-08-06
749,"[10312496, 47585143, 10309354, 953466267, 15136790]",Tiffany Garcia,2024-08-07
750,"[10450904, 600973353, 756633276, 749244886]",Robin Bauer,2024-08-06
751,"[535097776, 126585509, 218753174, 990019682]",John Rose,2024-08-06
752,"[747667210, 114137259, 369283286, 689570347, 510901331]",Billy Sanchez,2024-08-06
753,"[10450329, 15673686, 34218621, 44691100, 933625784, 475379141]",James Duran,2024-08-06
754,"[50159021, 10543909, 16777252, 20525377, 854244238, 903778971, 10311957]",Joshua Mccarthy,2024-08-07
755,"[50912363, 44390958, 697850796, 492909841, 51259197, 44390980, 49699139]",Joshua Hawkins,2024-08-06
756,"[55014398, 51259361, 10451315, 51259378, 10447837, 13893738, 44390944, 44390947]",Andrew Stafford,2024-08-06
757,"[10315088, 29927776, 631368530, 10813458, 10535029, 10804936]",Shawn Wilson,2024-08-06
758,"[15529427, 593927194, 425806239, 10315353, 10290677, 10452368]",Jeremiah Erickson,2024-08-07
759,"[10448006, 10448012, 10535153, 15754302, 15716612]",Antonio Roth,2024-08-07
760,"[45612374, 141482300, 25847928, 791730369]",William Rios,2024-08-07
761,"[971362035, 10318502, 10543909, 20525377, 457772642]",Tamara Smith,2024-08-06
762,"[44390958, 44390943, 22660282, 697850796]",Alyssa Bennett,2024-08-07
763,"[44390945, 55014398, 51259361, 10813651, 51259378, 44390952]",Rebecca Patel,2024-08-07
764,"[861014617, 408264184, 631368530, 10813458, 10535029, 533272737]",Jerry Thornton,2024-08-07
765,"[10450998, 10315915, 10315269, 10315267, 15529427, 10294615, 10315353]",Elizabeth Salazar,2024-08-06
766,"[10535153, 667056737, 10535154, 15754302, 17209289, 190193497, 10448019]",Scott Pacheco,2024-08-07
767,"[45612374, 10818664, 141482300, 791730369, 10818665, 10316044, 971362035]",Tracy Burch,2024-08-07
768,"[44390958, 44391008, 44391147, 44390986, 44390957, 47314766, 28826837, 44391016]",Michael Richards,2024-08-06
769,"[10402650, 55014398, 51259411, 10451315, 51259378, 10447837, 44390952]",Jessica Perkins,2024-08-06
770,"[10813458, 10535029, 170192822, 631368530, 10804936]",Hunter Gibson,2024-08-07
771,"[15529427, 10294615, 593927194, 10315353, 10290677, 10452368, 15136790]",Robin Anderson,2024-08-06
772,"[10535153, 10535148, 15754302, 17209289, 10448019]",Daniel Brown,2024-08-06
773,"[45612374, 10818664, 141482300, 791730369, 10818665, 14651642]",Jorge Curtis,2024-08-07
774,"[21268048, 37911609, 10318502, 457772642, 10543909, 50159021, 10450735]",Carla Keith,2024-08-06
775,"[44390958, 44390957, 697850796, 492909841, 44390950, 44391299]",Lisa Diaz,2024-08-07
776,"[44390945, 10402650, 55014398, 51259411, 10451315, 10447837, 13893738]",Mrs. Michelle Santos,2024-08-06
777,"[40170273, 123298782, 184184305, 337892538, 384351699, 20670293, 107911785]",Karen Oliver,2024-08-07
778,"[842678057, 247731889, 199785896, 660422175, 17056907, 669412407, 313349773]",Derek Dixon,2024-08-07
779,"[10312496, 953466267, 14123550, 10309357, 15136790, 479601462, 10450104]",Taylor Underwood,2024-08-07
780,"[693667245, 892195087, 987641021, 223516502, 683027333, 612693762, 27047498]",Victor Miller DDS,2024-08-07
781,"[953466267, 14123550, 10309357, 10312490, 23597919, 15136790]",James Dyer,2024-08-07
782,"[600973353, 756633276, 102951873, 356031420, 749244886]",Guy Hanson,2024-08-06
783,"[747667210, 114137259, 369283286, 689570347, 510901331, 349874443, 890919712]",John Parker,2024-08-07
784,"[34218621, 938426029, 44691100, 933625784, 475379141, 610060377, 10450329, 15673686]",Taylor Warren,2024-08-07
785,"[16777252, 50159021, 10543909, 20525377, 854244238, 903778971]",Miss Lisa Gardner,2024-08-06
786,"[11025598, 216218066, 50912363, 44390958, 44390943, 22660282, 161115457, 47314766]",Nancy Weaver,2024-08-07
787,"[55014398, 51259361, 10813651, 51259378, 10447837, 44390944]",Tiffany Hancock,2024-08-07
788,"[861014617, 408264184, 631368530, 10813458, 10535029, 533272737, 10315088, 170192822]",Katherine Dominguez,2024-08-06
789,"[15529427, 10294615, 593927194, 425806239, 10290677, 10452368, 15136790, 10315852]",Katherine Jones,2024-08-06
790,"[667056737, 10535150, 15754302, 17209289, 10448019, 190193497, 15754301, 10402840]",Amber Hart,2024-08-07
791,"[45612374, 10818664, 141482300, 791730369, 10818665]",Christopher Rios,2024-08-06
792,"[971362035, 21268048, 10318502, 457772642, 10543909, 20525377, 403796430]",Ashley Green,2024-08-07
793,"[44390943, 22660282, 44390958, 44391008, 44391147, 47314798]",David Martin,2024-08-07
794,"[44390945, 10402650, 55014398, 51259411, 10451315, 10447837, 44390952, 13893738]",Robin Wright,2024-08-07
795,"[861014617, 408264184, 10813458, 10535029, 533272737, 10315088, 170192822, 631368530]",Erin Hobbs,2024-08-07
796,"[15529427, 10294615, 10315353, 10290677, 10452368, 15136790, 479601462, 50733185]",Steven Graham,2024-08-06
797,"[667056737, 10535154, 15754302, 190193497, 15716612, 10402840]",Jessica Parker,2024-08-06
798,"[25847928, 791730369, 10818665, 14651642, 10316044, 45612374]",Jermaine Cole,2024-08-06
799,"[971362035, 37911609, 10318502, 14532479, 10318509, 380173884, 19856850, 128644879]",Russell Rodriguez,2024-08-07
800,"[44390943, 44390958, 44391008, 44391147, 44390986, 44390957, 697850796]",Margaret Cain,2024-08-06
801,"[55014398, 51259411, 10451315, 10447837, 13893738, 10402650]",Gary Allen,2024-08-06
802,"[861014617, 408264184, 631368530, 10535029, 533272737, 29927776]",Brad Mendez,2024-08-07
803,"[15529427, 10294615, 593927194, 425806239, 10315353, 10290677]",Ronald Joyce,2024-08-06
804,"[335906222, 15754302, 17209289, 10448019, 190193497]",Craig Lee,2024-08-06
805,"[45612374, 14651642, 10818664, 791730369, 10818665, 10316044, 10315227]",Danny Sanders,2024-08-06
806,"[971362035, 20525377, 403796430, 37911609, 10318502, 14532479]",Mark Cohen,2024-08-06
807,"[22660282, 44390958, 44391008, 44390957, 161115457, 44390986, 492909841]",Tracy Wilcox,2024-08-06
808,"[55014398, 51259361, 10813651, 51259378, 44390952, 10447837]",Laura Cole,2024-08-06
809,"[10315088, 170192822, 631368530, 10535029, 533272737, 10804936, 29927776]",Nicole Stevens,2024-08-07
810,"[15529427, 10294615, 10315353, 10290677, 10452368, 22218203, 15136790]",Jacob Rich,2024-08-06
811,"[667056737, 15754302, 190193497, 10402840, 15754301, 15716612]",David Rowe,2024-08-07
812,"[45612374, 141482300, 25847928, 791730369, 10818665, 10316044]",Amber Hall,2024-08-07
813,"[21268048, 10318502, 403796430, 10543909, 20525377, 971362035]",Douglas Peters,2024-08-06
814,"[11025598, 44390958, 22660282, 697850796, 492909841, 51259330]",Taylor Stafford,2024-08-07
815,"[55014398, 51259361, 10451315, 51259378, 13893738]",Dakota Flynn,2024-08-07
816,"[861014617, 408264184, 10813458, 10535029, 533272737, 10315088, 170192822]",Michael Allen,2024-08-07
817,"[15529427, 10294615, 593927194, 10315353, 10290677, 10452368, 44390971, 15136790]",Erica Gates,2024-08-06
818,"[10535153, 15754302, 17209289, 190193497, 15716612]",Nathan Garrett,2024-08-06
819,"[216139497, 10315227, 10818664, 141482300, 10818665, 45612374, 682792775]",Joseph Goodman,2024-08-07
820,"[20525377, 403796430, 971362035, 10318502, 10543909, 19856850]",Michael Aguilar,2024-08-07
821,"[50912363, 44390958, 44390950, 22660282, 697850796, 44390986, 44390957, 44391016]",Daniel Taylor,2024-08-06
822,"[44390945, 10402650, 55014398, 51259411, 13893738, 44390952, 10447837]",Bryan Carrillo,2024-08-06
823,"[861014617, 408264184, 631368530, 10813458, 10535029, 533272737]",Robert Brown,2024-08-06
824,"[15529427, 593927194, 425806239, 10315353, 10290677, 10452368, 15136790]",Randy Flores,2024-08-06
825,"[667056737, 10402840, 15754302, 190193497, 15716612]",Mr. Paul Lam,2024-08-07
826,"[14651642, 25847928, 791730369, 10818665, 45612374]",Lisa Duncan,2024-08-06
827,"[37911609, 10318502, 10543909, 20525377, 971362035, 21268048, 50159021]",Shannon Barry,2024-08-07
828,"[47770140, 11025598, 44390958, 44390943, 22660282, 44390950, 44391299]",Elizabeth Hill,2024-08-07
829,"[44390945, 10402650, 51259361, 10447837, 13893738]",Mark Fuentes,2024-08-07
830,"[861014617, 408264184, 10813458, 10535029, 533272737, 10315088]",Michael Lang,2024-08-07
831,"[15529427, 10294615, 10315353, 10290677, 10452368, 46491653, 15136790]",Donald Swanson,2024-08-06
832,"[15754302, 17209289, 190193497, 15716612]",Susan Gross,2024-08-06
833,"[25847928, 791730369, 10818665, 14651642, 10316044, 45612374]",Christopher Torres,2024-08-06
834,"[21268048, 37911609, 14532479, 971362035, 10318502, 10543909, 20525377]",Chad Kirk,2024-08-07
835,"[44390948, 44390958, 44390943, 44391008, 697850796]",William Lucas,2024-08-06
836,"[44390945, 55014398, 51259361, 10451315, 51259378, 44390952]",Eric Smith,2024-08-07
837,"[861014617, 408264184, 10535029, 533272737, 10804936, 170192822]",Marissa Jackson,2024-08-06
838,"[15529427, 10294615, 425806239, 10315353, 10290677, 46491653, 15136790]",Brenda Johnson,2024-08-07
839,"[667056737, 15754302, 17209289, 190193497, 15716612, 10402840]",Jordan Shepard,2024-08-07
840,"[141482300, 791730369, 10818665, 10315227, 45612374]",Alexandra Meadows,2024-08-07
841,"[10318502, 10543909, 20525377, 19856850, 128644879]",Patricia Gomez,2024-08-07
842,"[44390958, 44391008, 44391147, 44390957, 44390950, 47314766]",Lorraine Curry,2024-08-06
843,"[10402650, 55014398, 51259361, 51259378, 10451315]",Juan Golden,2024-08-07
844,"[40170273, 123298782, 184184305, 337892538, 384351699, 20670293, 107911785, 496272889]",Holly Wise,2024-08-06
845,"[576904375, 842678057, 199785896, 17056907, 313349773, 669412407, 961140852]",Eric Reid,2024-08-07
846,"[953466267, 14123550, 10312490, 54513679, 15136790]",Adrian Sanders,2024-08-06
847,"[693667245, 892195087, 44391067, 987641021, 223516502, 683027333]",Lee Carr,2024-08-07
848,"[10312496, 47585143, 10309354, 14123550, 10309357, 15136790, 479601462]",Rachel Jones,2024-08-06
849,"[10450904, 600973353, 756633276, 749244886, 510901331]",Tyrone Walker Jr.,2024-08-06
850,"[535097776, 126585509, 761583181, 218753174]",Sandra Young,2024-08-07
851,"[510901331, 747667210, 369283286, 689570347, 114137259]",Nathan Stuart,2024-08-07
852,"[10450329, 34218621, 25124455, 44691100, 933625784]",Jack Clark,2024-08-07
853,"[16777252, 10543909, 20525377, 854244238, 10318502]",Erik Miller,2024-08-07
854,"[44390948, 50912363, 44390958, 697850796, 44391012, 492909841]",Rodney Campbell,2024-08-07
855,"[55014398, 51259361, 10813651, 13893738, 44390944, 10447837, 51259378]",Lisa Greer,2024-08-06
856,"[40170273, 384351699, 20670293, 20670294, 124540437, 148683676]",Maria Rose,2024-08-07
857,"[576904375, 842678057, 199785896, 606426732, 669412407, 313349773]",Christopher Jones,2024-08-06
858,"[10309357, 14123550, 23597919, 10312490, 47585143]",Christina Mitchell,2024-08-06
859,"[693667245, 44391067, 987641021, 223516502, 683027333, 673475190]",Dr. Jeanette Patterson DDS,2024-08-07
860,"[10312496, 10309354, 47585143, 953466267, 10309357]",Samantha Sanchez,2024-08-06
861,"[600973353, 756633276, 834781714, 102951873, 510901331]",Sean Underwood,2024-08-07
862,"[510901331, 747667210, 369283286, 689570347, 114137259]",David Burns,2024-08-07
863,"[10450329, 15673686, 34218621, 938426029, 25124455, 44691100]",Jean Carpenter,2024-08-06
864,"[10543909, 20525377, 16777252, 50159021, 903778971]",Nancy Knight,2024-08-06
865,"[22660282, 44390958, 44391008, 44391147, 51259197, 47314798, 161115457]",Kimberly Mclaughlin,2024-08-07
866,"[55014398, 51259361, 10813651, 10451315, 51259378, 10447837]",Ryan Johnston,2024-08-07
867,"[10315088, 29927776, 10813458, 10535029, 533272737, 631368530]",Megan Thomas,2024-08-06
868,"[15529427, 10294615, 593927194, 425806239, 10315353, 10290677, 10452368, 15136790]",Jordan Mathis,2024-08-06
869,"[10448006, 10448026, 15754302, 10402840, 15716612]",Charles Walker,2024-08-06
870,"[45612374, 14651642, 10818664, 791730369, 10818665, 10316044]",Tristan Hughes,2024-08-07
871,"[971362035, 37911609, 10318502, 10543909, 20525377, 457772642, 50159021]",Stephanie Berry,2024-08-06
872,"[44390958, 44391008, 44390943, 22660282, 697850796, 492909841]",Shawn Zavala,2024-08-07
873,"[44390945, 55014398, 51259411, 10402650, 44390944, 51259212]",Gary Young,2024-08-07
874,"[40170273, 123298782, 184184305, 337892538, 193690908, 20670293, 20670294, 148683676, 200327089]",Ashley Jones,2024-08-07
875,"[313349773, 576904375, 842678057, 247731889, 199785896, 660422175, 17056907]",Sarah Lee,2024-08-07
876,"[14123550, 10312490, 47585143, 22218203, 15136790]",Carla Johnson,2024-08-06
877,"[693667245, 44391067, 987641021, 223516502, 27047498]",Michelle Bryan,2024-08-06
878,"[953466267, 47585143, 10309357, 23597919, 10312496]",Crystal Graham,2024-08-07
879,"[600973353, 756633276, 834781714]",Alexander Rice,2024-08-06
880,"[510901331, 747667210, 114137259, 369283286]",Tony Nelson,2024-08-06
881,"[34218621, 25124455, 44691100, 933625784, 610060377, 10450329, 15673686]",Jennifer Fox,2024-08-07
882,"[16777252, 50159021, 10543909, 20525377, 854244238]",William Palmer,2024-08-07
883,"[44390958, 44391008, 44391147, 697850796, 492909841, 44390957, 28826837]",Eric Carlson,2024-08-07
884,"[10402650, 55014398, 51259361, 10451315, 10447837, 13893738]",Christopher Thompson,2024-08-07
885,"[861014617, 408264184, 631368530, 10813458, 10535029, 533272737, 10315088]",Maria Arroyo,2024-08-07
886,"[761583181, 535097776]",Allen Kennedy,2024-08-06
887,"[510901331, 747667210, 114137259]",Robert Morse,2024-08-07
888,"[971362035, 21268048, 37911609]",Dana Newman,2024-08-06
889,"[44390948, 44390958, 50912363, 47314798]",Albert Reyes,2024-08-06
890,"[44390945, 10402650, 44390944]",Nathan Sims,2024-08-07
891,"[15529427, 10294615, 593927194, 10450104]",Rick Mayer,2024-08-07
892,"[10450329, 10312496, 52145691, 328869537]",Willie Atkinson,2024-08-06
893,"[667056737, 10535154, 15754302]",Valerie Ball,2024-08-06
894,"[10315852, 189518153, 142751216, 24221176]",Jeffrey Shaffer,2024-08-06
895,"[693667245, 44391067, 10312496]",Michael Robbins,2024-08-06
896,"[953466267, 14123550, 10309357]",Nicole Silva,2024-08-07
897,"[10450904, 600973353, 756633276, 510901331]",Elizabeth Buck,2024-08-07
898,"[761583181]",Brian Hester,2024-08-07
899,"[510901331, 747667210, 369283286]",Erica Galloway,2024-08-06
900,"[34218621, 938426029, 22176464, 44691100]",Stephanie Burns,2024-08-06
901,"[21268048, 578550306, 10318502, 10543909]",Angela Chavez,2024-08-06
902,"[44390958, 11025598, 216218066, 50912363]",Tiffany Mayer,2024-08-06
903,"[10402650, 55014398, 51259361, 10451315, 10447837]",Eric Meyer,2024-08-06
904,"[861014617, 408264184, 631368530, 10813458]",Monica Williams,2024-08-07
905,"[10450998, 10315915, 15529427, 10315353, 10294615]",Jeffrey Cook,2024-08-07
906,"[17179660, 10450330, 52145691]",David Morgan,2024-08-06
907,"[335906222, 352194550, 667056737]",Sandra Mason,2024-08-06
908,"[189518153, 142751216, 24221176]",Mary Hanson,2024-08-06
909,"[44391067, 693667245, 10312496, 20745500]",Elizabeth Thomas,2024-08-06
910,"[10309357, 23597919, 953466267, 14123550]",Andrew Herrera,2024-08-06
911,"[600973353, 756633276, 356031420]",Omar Wiley,2024-08-06
912,"[510901331, 747667210, 114137259, 689570347]",Brandon Anthony,2024-08-07
913,"[938426029, 44691100, 933625784, 22176464]",Kristen Miller,2024-08-07
914,"[50159021, 10543909, 20525377, 10318502, 16777252, 457772642]",Robert Johnson,2024-08-07
915,"[50912363, 44390958, 44391008, 44391147, 47314798]",Catherine Johnson,2024-08-07
916,"[10402650, 44390944, 51259212, 44390955, 10451315]",Teresa Romero,2024-08-06
917,"[10315088, 29927776, 10813458, 533272737, 170192822]",Jason Vang,2024-08-06
918,"[15529427, 10294615, 593927194, 10315353, 10290677]",Jennifer Leon,2024-08-07
919,"[667056737, 10535154, 15754302, 10448019, 190193497, 15754301]",Michael Gonzalez,2024-08-07
920,"[45612374, 10818664, 141482300, 791730369, 682792775]",Jodi Flynn,2024-08-06
921,"[971362035, 21268048, 37911609, 10543909, 457772642]",David Thompson,2024-08-07
922,"[47770140, 50912363, 44390943, 22660282, 161115457]",Morgan Brown,2024-08-07
923,"[55014398, 51259361, 10813651, 51259411, 44390952, 10447837]",Robert Alvarez,2024-08-07
924,"[40170273, 123298782, 337892538, 107911785, 148683676, 170309502]",Steven Martin PhD,2024-08-07
925,"[313349773, 576904375, 842678057, 760974522, 669412407]",Marissa Fuentes,2024-08-06
926,"[10312496, 953466267, 23597919, 10312490, 47585143, 15136790]",Melissa Bonilla,2024-08-06
927,"[44391067, 693667245, 223516502, 734715209, 683027333, 10534534, 10534535]",Justin Johnson,2024-08-07
928,"[10309354, 47585143, 953466267, 23597919, 10309357, 10312496, 14123550]",Hector Goodwin,2024-08-06
929,"[600973353, 756633276, 102951873, 356031420, 834781714]",Katherine Dickerson,2024-08-07
930,"[510901331, 747667210, 114137259, 369283286, 689570347]",Edward Griffin,2024-08-06
931,"[10450329, 15673686, 34218621, 938426029, 22176464, 46491653, 15136790]",Natalie Thompson,2024-08-07
932,"[21268048, 10543909, 20525377, 854244238, 10318502, 903778971, 15580508]",Austin Cox,2024-08-07
933,"[44390948, 50912363, 44390958, 44390943, 161115457, 47314798]",Adam Mcbride,2024-08-06
934,"[10402650, 51259361, 51259378, 10451315, 44390947, 44390952]",Heather Trujillo,2024-08-07
935,"[40170273, 123298782, 184184305, 20670293, 20670294, 124540437]",Loretta Kirby,2024-08-07
936,"[576904375, 842678057, 247731889, 760974522, 17056907]",Christopher Knight,2024-08-07
937,"[10312496, 47585143, 953466267, 14123550, 23597919, 10312490]",Thomas Good,2024-08-06
938,"[44391067, 693667245, 892195087, 223516502, 27047498, 165656727, 673475190]",Michael Perez,2024-08-06
939,"[953466267, 10309357, 23597919, 47585143, 15136790, 479601462]",Nicholas Shaw,2024-08-06
940,"[10450904, 756633276, 102951873, 834781714, 749244886, 510901331]",Bryan Morgan,2024-08-07
941,"[761583181, 535097776, 126585509, 218753174, 797711610]",Ryan Chang,2024-08-07
942,"[747667210, 114137259, 369283286, 689570347, 510901331, 572291300]",Randall Robinson,2024-08-07
943,"[10450329, 34218621, 938426029, 22176464, 46491653, 15136790, 50067993]",Matthew Lyons,2024-08-06
944,"[50159021, 10543909, 20525377, 16777252, 457772642, 123040842, 20918331]",Richard Hernandez,2024-08-07
945,"[47770140, 11025598, 216218066, 50912363, 44390958, 44390943, 22660282]",Jennifer Brock,2024-08-07
946,"[55014398, 51259361, 10451315, 10447837, 13893738, 44390952, 44390947, 51259212]",Samantha Garcia,2024-08-07
947,"[10315088, 330313658, 170192822, 10813458, 10535029, 631368530, 10804936]",Hannah Bennett,2024-08-06
948,"[10294615, 593927194, 10315353, 10290677, 10452368, 15136790, 479601462, 50733185]",Dr. Steven Winters,2024-08-07
949,"[667056737, 10535154, 15754302, 17209289, 10448019, 190193497]",Brittney Moody,2024-08-06
950,"[25847928, 791730369, 10818665, 10316044, 14651642]",Adam Cervantes,2024-08-06
951,"[971362035, 20525377, 37911609, 14532479, 10318502, 10543909]",Amber Edwards,2024-08-07
952,"[11025598, 44390958, 44390943, 22660282, 697850796, 492909841, 51259330]",Mrs. Michelle Mays,2024-08-07
953,"[44390945, 55014398, 10402650, 51259411, 10447837, 13893738]",Bruce Collins,2024-08-07
954,"[861014617, 10813458, 10535029, 533272737, 10315088, 170192822, 631368530, 10804936, 330313658]",Richard Austin,2024-08-07
955,"[593927194, 10315353, 10290677, 10452368, 15136790, 479601462, 10450104, 15529427]",Taylor Frazier,2024-08-07
956,"[667056737, 15754302, 17209289, 190193497]",Vanessa Horn,2024-08-06
957,"[141482300, 10818665, 10316044, 14651642, 764659276, 10818666]",Brian Stone,2024-08-07
958,"[20525377, 403796430, 10318502, 10543909, 19856850, 128644879]",Joseph Mckee,2024-08-07
959,"[44390958, 22660282, 44390943, 50912363, 44391008, 44391147]",Paul Jackson,2024-08-06
960,"[44390945, 55014398, 51259361, 10813651, 10451315]",Patrick Pope,2024-08-07
961,"[861014617, 408264184, 10813458, 10535029, 533272737, 170192822]",Laurie Price,2024-08-07
962,"[10294615, 10315353, 10290677, 10452368, 15136790, 15136793]",Natasha Hall,2024-08-07
963,"[10402840, 15754302, 17209289, 190193497, 15754301]",Carlos Kennedy,2024-08-06
964,"[45612374, 10818664, 141482300, 791730369, 10818665, 14651642, 10316044]",Mrs. Betty Dunn,2024-08-07
965,"[37911609, 14532479, 971362035, 10543909, 10318509, 19856850, 50159021]",Jennifer French,2024-08-06
966,"[44390943, 44390958, 44391008, 47314798, 161115457, 44391016]",Justin Shaffer,2024-08-06
967,"[44390945, 51259361, 10402650, 51259411, 10451315, 10447837]",Robert Porter,2024-08-07
968,"[861014617, 10813458, 10535029, 10804936, 170192822, 533272737]",David Wallace,2024-08-06
969,"[10294615, 593927194, 10315353, 10290677, 10452368, 15136790, 22218203]",Angel Hill,2024-08-06
970,"[10402840, 15754301, 15716612]",Joseph Lee,2024-08-07
971,"[791730369, 10818665, 10315227, 10818664, 45612374, 14651642]",Mr. Jon Johnson PhD,2024-08-06
972,"[971362035, 20525377, 37911609, 457772642, 10543909]",Melody Bartlett,2024-08-06
973,"[50912363, 44390958, 44391008, 44391147, 44390943]",Carl Horn,2024-08-06
974,"[44390945, 51259212, 55014398, 51259411, 10451315]",Catherine Gonzalez,2024-08-06
975,"[861014617, 408264184, 170192822, 631368530, 10813458]",Amanda Osborne,2024-08-07
976,"[15529427, 10294615, 593927194, 425806239, 10315353]",Jake Perry,2024-08-06
977,"[10402840, 15754301, 15754302, 17209289, 190193497]",Julia Cook,2024-08-07
978,"[45612374, 10818664, 141482300, 10818665, 791730369]",Mr. Chris Olson,2024-08-06
979,"[971362035, 37911609, 10318502, 10543909, 20525377, 457772642]",David Fisher,2024-08-06
980,"[11025598, 44390958, 22660282, 697850796, 44390950]",Crystal Miles,2024-08-06
981,"[44390945, 51259361, 10402650, 55014398, 51259411, 10451315]",Maria Wall,2024-08-07
982,"[337892538, 384351699, 20670293, 20670294, 124540437, 148683676, 170309502, 827500391]",Richard Hill,2024-08-07
983,"[842678057, 247731889, 760974522, 606426732, 669412407, 17056907, 961140852, 333135859, 576904375]",Michael Alvarez,2024-08-07
984,"[953466267, 14123550, 10312490, 54513679]",Mariah Foster,2024-08-06
985,"[44391067, 693667245, 892195087, 987641021, 683027333, 27047498]",April Carter MD,2024-08-06
986,"[953466267, 10309357, 10312496, 47585143]",Jake Kent,2024-08-06
987,"[756633276, 356031420, 510901331]",Nancy Barton,2024-08-07
988,"[747667210, 114137259, 369283286, 510901331]",Derek Fletcher,2024-08-07
989,"[34218621, 938426029, 25124455, 44691100, 610060377]",Christopher Ellis,2024-08-07
990,"[10543909, 20525377, 16777252, 457772642]",Maria Morgan,2024-08-06
991,"[11025598, 50912363, 44390958, 44391008, 44390943]",Duane Frazier,2024-08-07
992,"[44390945, 55014398, 51259361, 10402650, 51259378]",Ryan Wilkinson,2024-08-06
993,"[861014617, 408264184, 10813458, 170192822, 631368530, 10804936]",Thomas Holt,2024-08-07
994,"[10294615, 10315353, 10290677, 10452368]",Matthew Mitchell,2024-08-06
995,"[10448019, 15754301, 15716612, 15754300]",Brandon Simmons,2024-08-06
996,"[791730369, 10316044, 45612374, 10818664, 10818665]",Dr. Isaiah Freeman DDS,2024-08-06
997,"[21268048, 37911609, 14532479, 10318502, 50159021, 10543909, 457772642]",Nicholas Lopez,2024-08-06
998,"[50912363, 44390958, 44390943, 22660282, 697850796]",Robert Hunter,2024-08-07
999,"[55014398, 51259361, 10451315, 10447837]",Amanda Gomez,2024-08-07
1000,"[861014617, 408264184, 631368530, 10813458, 10535029, 10315088, 29927776]",Samantha Green,2024-08-06
1001,"[15529427, 10294615, 593927194, 10315353, 10290677, 10452368]",Autumn Burke,2024-08-06
1002,"[15754302, 17209289, 190193497, 10402840, 15754301]",Mrs. Kathryn Ross,2024-08-07
1003,"[45612374, 141482300, 25847928, 791730369, 10316044]",John Horton,2024-08-07
1004,"[971362035, 21268048, 457772642, 10543909, 20525377]",Andrea Bridges,2024-08-06
1005,"[47770140, 11025598, 44390943, 50912363, 44390958, 44391008, 22660282]",Jason Bowen,2024-08-06
1006,"[44390945, 10402650, 55014398, 51259361, 51259378, 10447837]",Christopher Miller,2024-08-07
1007,"[861014617, 10535029, 533272737, 10315088, 170192822, 631368530, 10804936]",Michael Parker,2024-08-07
1008,"[15529427, 593927194, 425806239, 10315353, 10290677, 10452368]",Michelle Miller,2024-08-07
1009,"[667056737, 10402840, 15754302, 15716612, 15754301, 10448019]",James Bishop,2024-08-07
1010,"[141482300, 791730369, 10818665, 45612374, 10316044, 10818664]",Christopher Guzman,2024-08-07
1011,"[971362035, 21268048, 10543909, 457772642, 10318502]",Michael Salazar,2024-08-07
1012,"[44390958, 44390943, 22660282, 697850796, 492909841, 44390957]",Patricia Lopez,2024-08-07
1013,"[44390945, 55014398, 51259361, 51259378, 10451315, 13893738]",Darren Bradley,2024-08-06
1014,"[10535029, 533272737, 10813458, 10315088, 170192822, 40170273]",Christopher Hebert,2024-08-07
1015,"[15529427, 593927194, 425806239, 10315353, 10290677, 15136790]",Lori Lamb,2024-08-06
1016,"[667056737, 10535154, 15754302, 190193497, 10402840, 15716612]",Keith Reed,2024-08-07
1017,"[45612374, 141482300, 25847928, 791730369, 10818664, 10818665]",Nancy Carlson,2024-08-07
1018,"[971362035, 20525377, 403796430, 37911609, 10318502, 10543909]",Candice Taylor,2024-08-06
1019,"[50912363, 44390958, 44390950, 697850796, 44390957]",Gregory Donaldson,2024-08-07
1020,"[55014398, 51259361, 10451315, 10447837]",Caleb Lewis,2024-08-07
1021,"[40170273, 123298782, 184184305, 337892538, 384351699, 20670293, 107911785]",Andrew Alexander,2024-08-06
1022,"[842678057, 247731889, 199785896, 660422175, 17056907, 961140852]",Steven Moody,2024-08-07
1023,"[10312496, 47585143, 14123550, 10309357, 23597919]",David Marshall,2024-08-06
1024,"[693667245, 44391067, 987641021, 223516502, 27047498]",Kristi Cline,2024-08-06
1025,"[953466267, 10309357, 23597919, 10312490, 15136790, 479601462]",Albert Murphy,2024-08-07
1026,"[600973353, 756633276, 834781714]",Connor Miller,2024-08-07
1027,"[510901331, 747667210, 114137259, 369283286]",Matthew Brown,2024-08-06
1028,"[34218621, 938426029, 44691100, 933625784, 610060377]",John Harrington,2024-08-07
1029,"[16777252, 50159021, 10543909, 20525377]",Thomas Giles,2024-08-06
1030,"[50912363, 44390958, 44391008, 44391147, 47314798]",Danielle Martin,2024-08-06
